{
  "epoch": 1,
  "bias": 0.029086749402007887,
  "top1": 0.8440992095938948,
  "top5": 0.9738348323793949,
  "score": 8.41190534653694
}