{
  "explained_var_gender": [
    0.08146079629659653,
    0.042785052210092545
  ],
  "explained_var_race": [
    0.08146079629659653,
    0.042785052210092545
  ],
  "gender_gap_by_profession": {
    "nurse": 0.0032108362231935694,
    "software engineer": 0.004770789827619304,
    "CEO": 0.005436993071011115,
    "model": 0.006914524095399055,
    "surgeon": 0.0038313759224755384,
    "teacher": 0.005805168833051405,
    "police officer": 0.009673991373607083,
    "janitor": 0.002833834716251926,
    "driver": 0.0026797567095075414,
    "scientist": 0.007135344403130683,
    "receptionist": 0.0045493585722787,
    "chef": 0.007161272423607978,
    "cashier": 0.0013681117977414892,
    "professor": 0.003931379743984775,
    "lawyer": 0.005226113966533108,
    "mechanic": 0.008329781038420553,
    "artist": 0.0078097092253821,
    "soldier": 0.011588139193398628,
    "banker": 0.007592128855841512,
    "journalist": 0.005460479429789944,
    "farmer": 0.009859762021473484,
    "designer": 0.00553227961063385,
    "pilot": 0.010669201612472534,
    "bartender": 0.007984904306275492,
    "coach": 0.00045633528913768817
  }
}