clip,bias,consistency,pca,total,avg_bias,top1,top5,score
4.148090664730516,3.881003514178765e-05,7.692515272558559e-09,0.042173241135166135,4.152319635069648,0.029086749402007887,0.8440992095938948,0.9738348323793949,8.41190534653694
4.14809003264405,4.028492558750999e-05,5.034619509922058e-08,0.041547366569555086,4.152256845041763,0.029220383454646382,0.8440992095938948,0.9738348323793949,8.411771712484303
4.148088688074156,3.7563780350928725e-05,4.0639354393318245e-08,0.04163520926133145,4.1522634930388875,0.029196866947625372,0.8440992095938948,0.9738348323793949,8.411795228991323
