{
  "image_to_text": {
    "R@1": 0.0010010009864345193,
    "R@5": 0.006006006151437759
  },
  "text_to_image": {
    "R@1": 0.0010010009864345193,
    "R@5": 0.011011010967195034
  },
  "N": 999
}