{
  "gender_proj_mean": 0.08197057247161865,
  "gender_proj_std": 0.18089549243450165,
  "race_proj_mean": 0.06978100538253784,
  "race_proj_std": 0.17700321972370148
}