{
  "top1": 0.8440992095938948,
  "top5": 0.9738348323793949
}