{
  "coco": {
    "mean_gap": 0.00056839764900505,
    "median_gap": 0.0,
    "p95_gap": 0.003126187069527769,
    "max_gap": 0.0056839764900505
  },
  "fairface": {
    "mean_gap": 0.00200177911121087,
    "median_gap": 0.0,
    "p95_gap": 0.011009785111659764,
    "max_gap": 0.0200177911121087
  }
}