{
  "train_loss": [
    2.1444791679111352,
    1.9547681398666037,
    1.7527191955749137
  ],
  "val_loss": [
    1.8938526433749792,
    1.858988265225487,
    1.7564581839707647
  ],
  "train_bias": [
    0.020122561031125204,
    0.007048838447143756,
    0.006052188114470726
  ],
  "val_bias": [
    0.005373267867146944,
    0.0053828146638362296,
    0.009472943429773959
  ]
}