{
  "image_to_text": {
    "R@1": 0.3833833932876587,
    "R@5": 0.6296296119689941
  },
  "text_to_image": {
    "R@1": 0.342342346906662,
    "R@5": 0.5895895957946777
  },
  "N": 999
}